{"scores":[0,0,0],"bgmVolume":0.11563245952129364,"effectVolume":0.29379475116729739}