{"isNewScore":[true,false,false],"score":[228,0,0],"bgmVolume":0.20515978336334229,"effectVolume":0.48820650577545168}